id,meta_title,meta_descr,meta_key,favico,facebook,instagram,mail,youtube,youtube_video,phone,price
1,Чоботи Резинові Dunlop (Нідерланди). Офіційний сайт в Україні,Dunlop - Гумові Чоботи з Європи. Запрошуємо відвідати сайт www.mydunlop.com.ua для закупки професійних гумових чобіт найбільшого європейського виробника у світі DUNLOP Protective FootWear,"Dunlop Гумові чоботи. Гумовці. Чоботи резинові Данлоп. Чоботи утеплені.
женские резиновые сапоги
купить резиновые сапоги
резиновые сапоги купить
купить детские резиновые сапоги
сапоги резиновые мужские купить
мужская резиновая обувь
магазин резиновой обуви
резиновые детские сапоги
сапоги резиновые рабочие
резиновые ботинки женские
purofort dunlop
купити гумові чоботи
Резиновые сапоги
demar резиновые сапоги
детские резиновые сапоги crocs
резиновые сапоги крокс
чоботи гумові купити
Dunlop 142VP
купити резинові чоботи
сапоги демар детские
гумові чоботи
чоботи гумові
protomastor
dunlop protomastor
гумаки
чоботи гумові жіночі
чоботи гумові чоловічі
Wildlander
Dunlop 142PP
Dunlop K580011
snugboot
Pricemastor
желтые резиновые сапоги
Чоботи рибальські
snugboot dunlop
PUROFORT
Snugboot
Dunlop 380VP
Dunlop FG60E33
Dunlop OD60B93
Dunlop OD60B93.CH
Чоботи Данлоп
чоботи Dunlop
чоботи гумові туристичні
[FieldPRO]
Чоботи для рибальства
Чоботи з стальною підошвою
Чоботи резинові
Trailblazer
purofort
сапоги резиновые
резиновая обувь
резиновые сапоги мужские
мужские резиновые сапоги
купить женские резиновые сапоги
резиновые сапоги детские
сапоги резиновые мужские
резиновые сапоги для детей
резиновые сапоги с утеплителем
купить сапоги резиновые
прорезиненные сапоги
""резиновые сапоги женские""
обувь резиновая
dunlop dee
Dunlop Dee
резиновые сапоги детские демар
резиновые сапоги на девочку
резиновые ботинки
гумові чоботи купити
чоботи гумові рибацькі
чоботи гумові утеплені
Dunlop 380PP
купить чоботи резинові
Protomastor
резинові чоботи
чоботи резинові
гумовці
гумові черевики
купити чоботи резинові
резинові чоботи купити
теплі резинові чоботи
Сапоги Dunlop
Сапоги Данлоп
dunlop snugboot
PUROTEX
купити гумаки
купить резинові чоботи
утеплені резинові чоботи
чоботи dunlop
чоботи гумові мисливські
Dunlop EG62E33
Чоботи гумові зсу
гумові чоботи епіцентр
чоботи гумові будівельні
Сапоги с стальным носком
гумові чоботи з захистом",site/Dunlop_arrow_black.svg.png,https://www.facebook.com/dunlop.ua/,https://www.instagram.com/dunlop.ua/,admin@expostar.com.ua,https://www.youtube.com/channel/UCX0D4Ywr2Z3JW9eKGowenZA,https://www.youtube.com/embed/nF5VITAeElA,+380 670-100-170,site/Dunlop_price_new_mApEdKZ.pdf
