id,product,image,image_alt
5,6,item/Dunlop_Dee_96dpi_1024x1024px_E_NR-2025.JPG,
6,6,item/Dunlop_Dee_96dpi_1024x1024px_E_NR-1989.JPG,
7,6,item/Dunlop_Dee_96dpi_1024x1024px_E_NR-1953.JPG,
8,6,item/Dunlop_Dee_96dpi_1024x1024px_E_NR-1915.JPG,
9,6,item/dunlop_Dee_580011.jpg,
10,6,item/Choboti-gumovi-Dunlop-Dee-zeleni.jpg,
11,9,item/dunlop_Dee_580011_OJIH7Aq.jpg,
12,9,item/Choboti-gumovi-Dunlop-Dee-zeleni_CBWURd1.jpg,
13,9,item/Dunlop_Dee_96dpi_1024x1024px_E_NR-2025_MjVZUVf.JPG,
14,9,item/Dunlop_Dee_96dpi_1024x1024px_E_NR-1989_WfAlWgM.JPG,
15,9,item/Dunlop_Dee_96dpi_1024x1024px_E_NR-1953_cG7PFp6.JPG,
16,9,item/Dunlop_Dee_96dpi_1024x1024px_E_NR-1915_8Z3y1ms.JPG,
17,8,item/Dunlop_Purofort_FieldPRO_96dpi_1024x1024px_E_NR-2392.JPG,
18,8,item/Dunlop_Purofort_FieldPRO_96dpi_1024x1024px_E_NR-2393.JPG,
19,8,item/Dunlop_Purofort_FieldPRO_96dpi_1024x1024px_E_NR-2391.JPG,
20,8,item/Dunlop_Purofort_FieldPRO_96dpi_1024x1024px_E_NR-2390.JPG,
21,5,item/Dunlop_Purofort_FieldPRO_96dpi_1024x1024px_E_NR-2392_ytHVacC.JPG,
22,5,item/Dunlop_Purofort_FieldPRO_96dpi_1024x1024px_E_NR-2393_2PjTRVn.JPG,
23,5,item/Dunlop_Purofort_FieldPRO_96dpi_1024x1024px_E_NR-2391_Fiyof1r.JPG,
24,5,item/Dunlop_Purofort_FieldPRO_96dpi_1024x1024px_E_NR-2390_vqQGZyb.JPG,
25,7,item/Dunlop_Protomastor__96dpi_1024x1024px_E_NR-1995.JPG,Dunlop Protomastor 142VP
26,7,item/Dunlop_Protomastor__96dpi_1024x1024px_E_NR-1959.JPG,чоботи гумові вимпел 142PP
27,7,item/Dunlop_Protomastor__96dpi_1024x1024px_E_NR-1916.JPG,чоботи гумові 142PP Вимпелгруп
28,7,item/Dunlop_Protomastor__96dpi_1024x1024px_E_NR-1883.JPG,чоботи гумові Protomastor 142PP Данлоп
29,10,item/Dunlop_Snugboot_Wildlander_OD60B93_96dpi_1024x1024px_E_NR-1586.JPG,
30,10,item/Dunlop_Snugboot_Wildlander_OD60B93_96dpi_1024x1024px_E_NR-1587.JPG,
31,10,item/Dunlop_Snugboot_Wildlander_OD60B93_96dpi_1024x1024px_E_NR-1605.JPG,
32,10,item/Dunlop_Snugboot_Wildlander_OD60B93_96dpi_1024x1024px_E_NR-1602.JPG,
33,3,item/Snugboot_Dunlop_Snugboot_Wildlander_OD60B93_tStoxp6.jpg,snugboot військові
34,11,item/Dunlop_Protomastor_wimpel.JPG,Dunlop Protomastor 142VP
35,11,,Dunlop Protomastor 142VP вимпел
36,11,item/Dunlop_Protomastor_wimpelgrup.JPG,Dunlop Protomastor 142VP Вимпелгруп
37,11,item/Dunlop_Protomastor_wimpel_lviv.JPG,Dunlop Protomastor 142VP wimpel lviv
38,11,item/Dunlop_Protomastor_Вимпелгруп.jpg,Данлоп Protomastor 142VP Вимпелгруп
39,7,item/Dunlop_Protomastor_Вимпелгруп_b5yVukE.jpg,Данлоп Protomastor 142PP Вимпелгруп
40,12,item/Dunlop_Pricemastor_96dpi_1024x1024px_E_NR-1964_r2OEZiO.JPG,Dunlop Pricemastor wimpel
41,12,item/Dunlop_Pricemastor_96dpi_1024x1024px_E_NR-1921_pxmtIJF.JPG,Dunlop Pricemastor expostar
42,12,item/Dunlop_Pricemastor_96dpi_1024x1024px_E_NR-1888_o6pzRCL.JPG,Dunlop Pricemastor wimpelgroup
43,13,item/Dunlop_Pricemastor_96dpi_1024x1024px_E_NR-1964.JPG,Dunlop Pricemastor
44,13,item/Dunlop_Pricemastor_96dpi_1024x1024px_E_NR-1921.JPG,Dunlop Pricemastor гумовці
45,13,item/Dunlop_Pricemastor_96dpi_1024x1024px_E_NR-1888.JPG,Dunlop Pricemastor резинові
46,13,item/Dunlop_Pricemastor_96dpi_1024x1024px_E_NR-2000.JPG,Dunlop Pricemastor гумові
47,12,item/Dunlop_Pricemastor_96dpi_1024x1024px_E_NR-2000_CZuDLHn.JPG,Dunlop Pricemastor чоботи
48,14,item/Dunlop_Pricemastor_96dpi_1024x1024px_E_NR-1965.JPG,Dunlop Pricemastor чоботи
49,14,item/Dunlop_Pricemastor_96dpi_1024x1024px_E_NR-1922.JPG,Dunlop Pricemastor гумові
50,14,item/Dunlop_Pricemastor_96dpi_1024x1024px_E_NR-1889.JPG,Dunlop Pricemastor резинові
51,14,item/Dunlop_Pricemastor_96dpi_1024x1024px_E_NR-2000_SPiVMBy.JPG,Dunlop Pricemastor рибальські
52,15,item/Dunlop_Pricemastor_96dpi_1024x1024px_E_NR-1965_4Jz9lVZ.JPG,Dunlop Pricemastor сапожки
53,15,item/Dunlop_Pricemastor_96dpi_1024x1024px_E_NR-1922_5kOY1n0.JPG,Dunlop Pricemastor туристичні
54,15,item/Dunlop_Pricemastor_96dpi_1024x1024px_E_NR-1889_RKyeL97.JPG,Dunlop Pricemastor рибальскі
55,15,item/Dunlop_Pricemastor_96dpi_1024x1024px_E_NR-2000_avipYhh.JPG,Dunlop Pricemastor сапоги
56,16,item/Dunlop_Blizzard_Fur_Lining_96dpi_1024x1024px_E_NR-1987.JPG,Dunlop Blizzard гумовці
57,16,item/Dunlop_Blizzard_Fur_Lining_96dpi_1024x1024px_E_NR-1951.JPG,Dunlop Blizzard чобои
58,16,item/Dunlop_Blizzard_Fur_Lining_96dpi_1024x1024px_E_NR-1913.JPG,Dunlop Blizzard резинові
59,16,item/Dunlop_Blizzard_Fur_Lining_96dpi_1024x1024px_E_NR-2023.JPG,Dunlop Blizzard зимові
60,17,item/Dunlop_Purofort_FieldPRO_96dpi_1024x1024px_E_NR-2393_De5rtnV.JPG,Dunlop Purofort зима
61,17,item/Dunlop_Purofort_FieldPRO_96dpi_1024x1024px_E_NR-2391_egRaAWL.JPG,Dunlop Purofort теплі
62,17,item/Dunlop_Purofort_FieldPRO_96dpi_1024x1024px_E_NR-2390_IHKalFb.JPG,Dunlop Purofort пурофорт
63,17,item/Dunlop_Purofort_FieldPRO_96dpi_1024x1024px_E_NR-2392_JwJmvYs.JPG,Dunlop Purofort підошва
64,17,item/Dunlop_FieldPro_Green_Social_1200x1200_Carousel-ad-2.png_96dpi_1024x1024px_E_NR-2870.JPG,Dunlop Purofort комфорт
65,17,item/Dunlop_FieldPro_Green_Social_1200x1200_Carousel-ad-3.png_96dpi_1024x1024px_E_NR-2871.JPG,Dunlop Purofort SRC
66,17,item/PUROFORT_DUNLOP.jpg,Dunlop Purofort захист
67,19,item/Dunlop_Acifort_Classic__96dpi_1024x1024px_E_NR-1933.JPG,чоботи ACIFORT
68,19,item/Dunlop_Acifort_Classic__96dpi_1024x1024px_E_NR-1923.JPG,чоботи DUNLOP
69,19,item/Dunlop_Acifort_Classic__96dpi_1024x1024px_E_NR-1890.JPG,сапоги ACIFORT
70,19,item/Dunlop_Acifort_Classic__96dpi_1024x1024px_E_NR-1981.JPG,ботинки ACIFORT
71,20,,Dunlop Pricemastor харчові
72,20,,Dunlop Pricemastor білі
73,20,,білі гумовці
74,20,,Dunlop Pricemastor купити
75,21,item/Dunlop_Kids_Blizzard_96dpi_1024x1024px_E_NR-1948.JPG,Dunlop Kids Blizzard
76,21,item/Dunlop_Kids_Blizzard_96dpi_1024x1024px_E_NR-1910.JPG,Чоботи дитячі
77,21,item/Dunlop_Kids_Blizzard_96dpi_1024x1024px_E_NR-1984.JPG,Резиновые сапоги детские
78,21,item/Dunlop_Kids_Blizzard_96dpi_1024x1024px_E_NR-2020.JPG,Детские сапожки
79,22,item/Dunlop_Kids_Blizzard_96dpi_1024x1024px_E_NR-1947.JPG,Dunlop Blizzard гумовці
80,22,item/Dunlop_Kids_Blizzard_96dpi_1024x1024px_E_NR-1983.JPG,Dunlop Protomastor детские вимпел
81,22,item/Dunlop_Kids_Blizzard_96dpi_1024x1024px_E_NR-1909.JPG,Dunlop  дитячі резинові
82,22,item/Dunlop_Kids_Blizzard_96dpi_1024x1024px_E_NR-2020_dYLnZ7v.JPG,Dunlop Blizzard wimpelgroup
83,23,item/Dunlop_Kids_Blizzard_Camouflage_96dpi_1024x1024px_E_NR-2050.JPG,Dunlop Blizzard гумовці
84,23,item/Dunlop_Kids_Blizzard_Camouflage_96dpi_1024x1024px_E_NR-2049.JPG,Dunlop Pricemastor туристичні
85,23,item/Dunlop_Kids_Blizzard_Camouflage_96dpi_1024x1024px_E_NR-2057.JPG,Dunlop Blizzard резинові
86,23,item/Dunlop_Kids_Blizzard_Camouflage_96dpi_1024x1024px_E_NR-2036.JPG,Dunlop wimpelgroup
87,10,item/Snugboot_Dunlop_Snugboot_Wildlander_OD60B93.jpg,тактичні черевики
88,3,item/PUROFORT_DUNLOP_v1sXjL0.jpg,purofort
89,3,item/PUROTEX_DUNLOP.jpg,purotex
90,3,item/Dunlop_Snugboot_Wildlander_OD60B93_96dpi_1024x1024px_E_NR-1587_IKZIFnK.JPG,підошва DUNLOP
91,24,item/Dunlop_Protomastor__96dpi_1024x1024px_E_NR-1961.JPG,Dunlop Protomastor 142YP
92,24,item/Dunlop_Protomastor__96dpi_1024x1024px_E_NR-1918.JPG,Dunlop Protomastor 142YP
93,24,item/Dunlop_Protomastor__96dpi_1024x1024px_E_NR-1885.JPG,Dunlop Protomastor 142YP
94,24,item/Dunlop_Protomastor__96dpi_1024x1024px_E_NR-1995_ZZMieTY.JPG,Dunlop Protomastor 142YP
95,25,item/Dunlop_JobGUARD_Green_Black_96dpi_682x1024px_E_NR-2780.JPG,Dunlop JobGUARD NA2KL01
96,25,item/Dunlop_JobGUARD_Green.jpg,Dunlop JobGUARD NA2KL01
97,25,item/Dunlop_JobGUARD_Green_Black_96dpi_682x1024px_E_NR-2777.JPG,Dunlop JobGUARD NA2KL01
98,25,item/Dunlop_JobGUARD_Green_Black_96dpi_682x1024px_E_NR-2778.JPG,Dunlop JobGUARD NA2KL01
99,25,item/Dunlop_JobGUARD_Green_Black_96dpi_682x1024px_E_NR-2781.JPG,Dunlop JobGUARD NA2KL01
100,26,item/Dunlop_JobGUARD_Green_Black_96dpi_682x1024px_E_NR-2780_wAJknx4.JPG,Dunlop JobGUARD NA0KL01
101,26,item/Dunlop_JobGUARD_Green_Nl0njaj.jpg,Dunlop JobGUARD NA0KL01
102,26,item/Dunlop_JobGUARD_Green_Black_96dpi_682x1024px_E_NR-2777_AiC3tqN.JPG,Dunlop JobGUARD NA0KL01
103,26,item/Dunlop_JobGUARD_Green_Black_96dpi_682x1024px_E_NR-2778_PGTSZr1.JPG,Dunlop JobGUARD NA0KL01
104,26,item/Dunlop_JobGUARD_Green_Black_96dpi_682x1024px_E_NR-2781_Leb2VgZ.JPG,Dunlop JobGUARD NA0KL01
105,27,item/изображение_viber_2023-03-02_13-06-02.jpg,
106,27,item/изображение_viber_2023-03-06_19-44-03.jpg,
107,28,item/Dunlop_Comfort_Insole_1181x1180px_E_NR-115_tmnh2PI.JPG,
108,28,item/outsole_comfort.jpg,
109,28,item/изображение_viber_2023-03-06_20-02-25.jpg,
